<?xml version="1.0" encoding="UTF-8" standalone="yes"?>
<manifest>
  <control namespace="K10" constructor="QueueItemTracker" version="0.0.4" display-name-key="QueueItemTracker_Display_key" description-key="QueueItemTracker_Desc_key" control-type="standard" api-version="1.3.3">
    <external-service-usage enabled="false"/>
    <property name="dummyField" display-name-key="Property_Display_Key" description-key="Property_Desc_Key" of-type="SingleLine.Text" usage="bound" required="true"/>
    <resources>
      <code path="bundle.js" order="1"/>
      <resx path="strings/QueueItemTracker.1033.resx" version="1.0.0"/>
    </resources>
    <feature-usage>
      <uses-feature name="WebAPI" required="true"/>
      <uses-feature name="Utility" required="true"/>
    </feature-usage>
    <built-by name="pac" version="1.10.4"/>
  </control>
</manifest>